Transaction ID,Date,Amount,Product Type,Region
52e62d1c-f778-41a5-bd82-053c605598e9,2023-03-21,700.38,Furniture,East
85dea8d4-3302-44fc-a80a-7f7a6c2676a1,2024-11-22,634.1,Books,East
afe7c503-37c3-4087-8312-9b0e74482383,2023-09-06,943.55,Books,Central
f8567baf-1693-4e07-a1ed-c691eef72610,2024-07-27,575.31,Books,East
2c12e095-d266-4296-9c54-7c72e0867f41,2024-04-22,882.32,Books,North
fd2faff2-57b6-4de5-aae9-caf58056aecd,2023-07-21,765.63,Clothing,South
0d95a743-5ab2-4c1c-8c0f-712513c87e5a,2024-03-19,600.16,Books,West
9325764b-816f-46c7-b307-429b3c780089,2023-07-30,947.52,Toys,East
4f904475-a9dd-4727-8149-09c44e3997f1,2023-12-18,636.02,Furniture,Central
4c6381f5-6642-4000-bb13-b1df0586de5a,2024-02-22,878.39,Electronics,East
e0c2bf3c-a0e6-47d4-8c6c-262b09600293,2023-01-19,667.17,Clothing,South
482c0df5-c419-4ebc-893f-c834ac25c00c,2023-04-29,546.9,Furniture,South
357afcb2-7664-45b2-b576-094850a90d75,2023-09-12,672.26,Electronics,West
aacbf47e-7cf5-47a6-8227-5e56b9d06664,2023-02-16,555.61,Toys,North
9ec5b344-cd2b-42b6-80c8-7fb6d7152d67,2023-07-19,746.35,Electronics,South
fb73ff41-2a97-440b-b2c6-327a453e9664,2023-12-22,742.9,Books,East
98cd4201-4c35-4095-a3e1-56a6a5df57fb,2024-06-02,643.78,Books,Central
dd7ebb48-5a3f-42c1-8a49-ece48f0a7256,2023-10-06,735.43,Books,South
aff77d1f-cd9f-4091-a09b-3710c03fd5f8,2023-02-26,656.8,Books,East
1744e8f6-65d1-4aca-a394-ca4550e1622f,2023-05-03,836.09,Electronics,Central
9d277161-bd24-473a-8fa9-321005db1b85,2023-09-05,700.87,Clothing,East
6c1a765a-8d62-44aa-b449-ac3174b0033f,2024-08-25,812.16,Electronics,East
c743aac1-73fa-4626-ab00-b43e33ee8847,2023-09-22,899.48,Furniture,South
a62a5359-89f4-4bea-a445-0cae1e24f285,2023-10-10,933.12,Books,South
990408bb-705b-4dee-989f-507113fcafd3,2024-06-06,876.42,Toys,Central
61a6d6a5-2c0b-416b-b552-038d19c684cd,2023-04-22,558.31,Furniture,North
14d66225-dc4e-471a-a11c-dbc422e9bf6e,2024-01-02,975.92,Electronics,West
b178cb51-06e5-40d0-9470-73153aca66a2,2023-02-20,649.89,Books,West
613e9481-7206-4e6d-a5d3-e6deb7e40148,2023-03-27,834.79,Books,South
5c99dbf4-0c6c-4266-b7a7-07ef6076f82f,2024-06-25,995.62,Electronics,South
95549aee-13a5-4321-9cba-523e2d26ffc2,2024-03-08,841.43,Toys,West
5a99c5b3-3e67-48fd-a85f-a8966b947c5c,2024-05-31,909.98,Books,North
3f0225df-ba93-4168-b519-9c0d50827d6f,2024-11-09,820.49,Toys,East
c569c24b-6692-4f92-a0c1-640dd3317196,2023-11-26,970.33,Furniture,West
92fa7dfe-cc28-4efa-8d42-e02a600dcb63,2023-10-30,996.03,Furniture,East
7979fe35-eec6-4364-8868-b56f52544739,2024-09-12,843.47,Toys,North
19b27e81-0371-4d7f-bd55-16f65a3ac14f,2024-09-02,704.28,Toys,North
56fa7580-08b3-41be-af5c-ee229ccc0a67,2023-11-15,824.24,Toys,Central
b8f3f43c-db64-4179-9c74-dc2e3e274ddb,2024-11-16,996.1,Furniture,Central
76eb9df6-737d-48a6-8d13-e359bc629e99,2023-05-31,887.46,Toys,West
b8249009-5e16-4f50-a15e-0ede4004e666,2023-09-28,734.97,Clothing,Central
688422c0-1992-4e96-becd-74135f4ec727,2023-02-20,606.47,Books,Central
a11dfe28-2e7c-4e42-913a-757973d0b5ac,2023-03-28,602.04,Furniture,West
2fe42bbb-f3c0-4803-9554-aa7b8e780a54,2023-07-18,894.88,Furniture,East
67baa462-da8e-4390-b74e-9d2a24c66498,2024-07-11,807.7,Toys,South
fdc835f3-af8d-4825-bc59-9889ff11cf1c,2024-03-22,711.0,Toys,Central
568a2dfe-bb56-4a9b-a280-6013094fe082,2024-11-08,569.28,Books,West
cee6201c-0bb8-47f0-a89f-b5779eb56f8c,2023-05-07,854.91,Electronics,Central
4e3d2926-8537-44f1-8647-c623fbeaa816,2024-11-10,963.38,Electronics,North
93ffb00a-fa53-4603-96cf-85cfa18b492d,2024-10-03,947.78,Toys,North
79558d6d-4905-4314-a588-768fe34991d8,2023-03-22,947.09,Furniture,Central
51cb71c6-ac48-4926-b7c7-bb3a31a46018,2024-04-24,905.14,Toys,South
44986ae8-8c92-4769-a8d8-75ee7dc7644d,2023-09-01,692.99,Clothing,West
cc0401f6-ca1d-4a2f-9127-264b17c08a15,2024-08-08,538.28,Electronics,North
9a06be42-a12b-4fd7-9d41-889426ca44d7,2024-08-05,559.31,Books,West
27662d31-fd7a-469d-9d16-8c7058cc4c6f,2024-02-16,890.32,Books,West
26d5bec5-9f34-47f4-bd1d-715e6112d51b,2023-07-06,919.1,Furniture,East
12481bdb-63e6-4f5b-a574-6efd59f63604,2024-07-04,797.48,Electronics,Central
de87ebdb-ea61-431f-8f3e-72fb8cc5d65d,2024-07-12,631.85,Electronics,South
d015d595-fd98-482b-baea-ea1060cf05e2,2024-07-16,868.01,Furniture,Central
f7d43f8e-5922-47ba-9c26-5248db76fb3c,2024-09-11,571.28,Clothing,South
597eecc6-4ffc-436f-99ae-3b0837da9d04,2024-04-26,721.64,Clothing,North
afaceac2-c518-4f9d-a518-e1f4a893743a,2024-01-23,839.78,Clothing,Central
0b10159b-97c5-4458-8f0e-59753b0ee78d,2023-04-04,793.35,Books,Central
64e20d4a-6caa-41d4-8995-3ed88591d062,2023-11-08,933.32,Books,East
bd10324f-15ee-4e92-b7c2-20fbf9d0699e,2024-05-13,655.97,Clothing,South
7661c558-92a5-4ecb-8c3c-b9143e69419a,2024-07-18,778.65,Electronics,North
ad715def-c64a-4028-8b52-d8908e9b30e9,2023-02-04,697.95,Electronics,North
92273f5d-5e3a-43cb-8e0e-41373cab5afc,2024-11-20,576.91,Toys,West
f7b86a63-b5a7-4aa3-ad6e-eab4e4e9b9bd,2024-02-03,769.58,Clothing,South
91cc0701-8973-403f-87c2-c43a20367056,2024-02-07,627.01,Books,South
fca067eb-b0dc-4ac2-af75-a3157c7ac33a,2024-06-22,721.45,Toys,West
0415ec43-62c1-4f9b-877d-50c0df392d7b,2024-02-15,975.73,Clothing,East
ef785e43-9315-4c4d-8433-1d61df81dc2b,2024-07-14,778.07,Furniture,South
17b4fcac-512e-4235-bbf0-b448eff2f149,2024-04-14,679.79,Toys,Central
7a21e47c-4021-47f0-ac8b-870eeba8ecc7,2024-10-23,726.4,Furniture,Central
52df44f9-28b4-4e34-8dc8-e91975112b89,2023-09-09,530.41,Books,North
82caa0ee-56d2-46e6-91e6-0b1399c446b9,2024-07-06,804.28,Toys,South
fbe005a2-02bf-43da-b8a2-97c3834eaa78,2024-06-29,677.14,Electronics,South
27b64394-93e2-4510-95ae-d32c679f108b,2023-11-21,885.48,Clothing,Central
ef80669f-bed8-407b-a99a-a80fbb8c7163,2023-12-18,795.16,Books,North
b85b0bc5-0d5f-44d9-a532-2319b8c99b43,2023-12-29,546.12,Clothing,East
5e36a4dc-87b4-4f23-8500-45fcd04b8681,2024-11-12,834.78,Furniture,West
048aade5-2ee6-4615-be03-f4c0bc951a2f,2023-12-28,590.4,Furniture,North
ac71df49-6988-43d4-af35-63250e5475b6,2024-10-20,990.92,Electronics,West
3f2d1ec7-1d59-467a-9a29-19982a179fc0,2024-02-09,627.14,Toys,North
78ffe89b-b85a-4ef7-b3d6-e56691d9df22,2024-02-09,789.68,Electronics,Central
47d281dd-b2c2-4fa5-9d76-103fdd887525,2024-10-12,723.54,Toys,North
6a9d254a-1d44-4d88-8f72-0b483f5ba2fe,2023-09-25,723.23,Furniture,Central
308cf0d6-375f-4ab8-9c38-c14e067aa7c7,2024-08-13,537.47,Electronics,South
1d6fa6fa-7339-4813-ba4b-c3bd2f631db9,2024-09-26,693.25,Electronics,North
890d4d18-e5c4-436f-aa7c-7fc4efc33289,2023-10-08,970.56,Clothing,Central
1f4e27b5-43b5-4e9a-858d-b21c37f79502,2024-05-03,550.73,Books,West
6cf3007a-5f7d-4967-8bb0-87f58c4e70a7,2024-05-02,523.29,Books,West
6b5291fa-4288-45db-af76-ea8f16250d97,2024-05-06,926.59,Toys,Central
f04c2cac-706d-446b-a0b1-798b7707b234,2023-10-07,523.39,Electronics,South
b5902dd2-1eb3-4404-a2bb-fa3924a60141,2023-10-09,670.47,Clothing,South
a6c1aa2e-2479-4102-ac1c-111135fa786a,2023-12-05,924.49,Furniture,South
65c2f282-12c0-44f2-804a-75a319b3f82d,2024-06-17,516.39,Electronics,West
6f2a7e90-5a3f-4453-b95a-d89e95cd1b43,2024-03-18,919.11,Toys,Central
6a2ced66-d0d2-43e9-a72b-0fc6b22c9519,2024-03-21,624.99,Books,East
8699dd4c-b72e-4f18-a253-d827b4685ddf,2023-08-09,701.24,Clothing,Central
fe453047-a8c8-4d75-989c-57652f17342b,2024-04-29,920.15,Toys,Central
83940305-341a-4b7a-a8a8-ea2958895d5a,2023-08-15,775.26,Electronics,Central
2b41aa69-0d69-4dc3-913b-021454779699,2023-04-10,748.96,Furniture,Central
2829b1ac-5e09-41dc-8b43-fda030ac7043,2023-09-05,616.65,Books,Central
cf335e6f-183c-4dd1-aa2b-d31861ca580d,2023-07-09,895.59,Electronics,Central
5f9dbd7d-b9d0-41eb-b2e3-cad442745d98,2024-01-20,583.66,Electronics,North
d2b5f6a7-c792-452f-8576-b376ed9f1757,2023-03-08,875.52,Clothing,North
4fc3aea5-ef36-40d2-830d-10e8f511c025,2024-03-13,684.26,Furniture,West
80db2ada-75dc-435f-8ebc-c31af611c833,2024-05-20,725.65,Electronics,Central
e769e922-9bae-4f83-a8a4-af57e6de1d49,2023-05-19,786.86,Electronics,South
6acb468d-660c-498f-9127-04dd905bd1fd,2023-10-20,684.39,Furniture,North
cd43e36d-855f-4082-8a69-dcb83398cfe6,2023-05-29,618.76,Toys,South
96cc1ad6-18c5-44b5-8eb5-a93960c76dbe,2023-10-22,961.2,Books,Central
dfe78971-d921-4bcb-b34c-a7f83c777bdd,2024-01-30,563.57,Toys,West
32b61a31-57e1-4d80-9fe9-2cf1f9ca06d6,2024-03-26,666.55,Furniture,North
fd72dd0d-e30b-4a16-acf5-55294e8537fe,2024-02-11,996.97,Books,East
d9a444de-348e-4cb1-9ae0-6e6eea03dc7d,2023-06-10,630.46,Toys,East
7914c828-e39a-41bd-8da9-f8a0066b45be,2024-11-27,703.84,Electronics,North
fc113144-9dc4-4c93-8ad8-e92f0c7341ac,2024-09-28,593.86,Toys,Central
bb58a249-8733-4b76-803c-9d8be5a61560,2023-08-18,991.74,Electronics,South
b74911d6-0269-4b2c-843e-81f736e02ec9,2023-10-12,778.88,Furniture,West
fa179ee9-b9de-4d6d-8276-56739ac18932,2024-06-10,680.12,Toys,North
a733204e-e605-4ac0-bb2b-05ca79a42352,2024-07-18,579.71,Clothing,North
b1973c14-f7a8-4536-a972-734dbfe2cbf6,2024-05-09,707.26,Furniture,South
16ce23ee-390a-46b8-b27a-aaefdafb4012,2024-06-18,666.72,Books,North
bbe1c1b8-abbc-45a8-8c6f-19b2abf92d04,2023-07-04,580.94,Books,Central
9662b032-9245-45d7-93da-49c66708289c,2023-12-27,553.47,Furniture,West
8545b3c4-f09d-460a-bf0b-71c7d08e4e0a,2024-05-16,640.91,Electronics,West
05392ff1-6992-4272-8d8a-43b6ffc17d4e,2024-06-25,640.69,Furniture,West
1ebd805d-5258-4cff-9c3e-4ad899310c27,2024-03-29,660.13,Toys,West
66d66b8e-2dfa-4fcb-9612-31fe863095b4,2024-06-30,803.17,Clothing,West
3836fe65-3b01-4874-9555-b944bd0cd577,2023-04-17,903.57,Toys,North
0d0629c0-2ea5-4517-860e-e726349123ab,2024-08-07,506.7,Toys,South
0235cb96-50d6-4c31-86b4-d0294c0eeeab,2024-11-09,615.3,Electronics,North
8d1378ab-4296-4517-9a30-32973891a4a8,2024-06-28,700.65,Electronics,South
6324ef09-9bb0-4434-b523-dd2fad48f727,2023-08-26,773.84,Toys,West
e776964a-eade-423a-9cb3-8cc29770604d,2024-10-16,593.54,Electronics,Central
0d732667-ef22-4d2c-9255-fa2a6f9fc09c,2024-04-20,802.39,Toys,North
fcfcd396-be6a-4483-925d-88f64ec6912c,2024-03-13,725.83,Books,North
cb6acc67-2cff-42c1-9a73-941952c94a6c,2023-05-10,904.73,Clothing,Central
c795b66e-71c4-4d42-be7d-b071f1ebdc95,2024-01-04,823.04,Toys,North
a16575cc-caa8-49d9-9ac4-60ac0c99de08,2024-05-06,875.26,Clothing,West
5c377d0b-c9e9-4c81-835c-663b763ebb5f,2024-09-11,757.27,Furniture,South
401955b1-6d1d-4164-8e36-f045d5d19fa4,2024-11-13,774.48,Furniture,West
308d80cd-983f-4047-8091-c52edf636030,2024-04-18,740.43,Books,West
e89e2456-ef1e-45ff-9cf2-3de8a0df6001,2024-05-29,873.39,Clothing,North
a267f5d9-cdf4-4f4f-b234-eb1345842733,2024-10-12,556.42,Electronics,North
5a39cbf3-971b-4dfd-8b1e-13b8cb002b1b,2023-10-31,621.53,Electronics,West
0725a1c2-bd75-49e9-a331-33fcc1ef8ffc,2023-01-14,841.28,Electronics,West
2ffb4fa3-f77b-4b0c-9b3d-da3fd90589a1,2023-09-06,812.26,Furniture,West
5a5c3fce-5725-4863-8920-0cda4745f5d0,2023-04-13,555.96,Books,West
8fbd60d6-2c80-4f87-9249-3c6a1571719b,2023-12-28,636.91,Toys,South
220a4bbe-8fe7-436d-94a2-49db41cec7da,2024-10-23,583.62,Furniture,Central
83c79af5-e9b8-428f-886f-2eb6d0f89463,2024-10-21,838.56,Electronics,East
4ff33d13-d312-46db-a74b-156b6615c980,2023-06-26,544.45,Furniture,North
3053b468-cd2a-4daa-bc64-c0ae1e4fcc75,2024-08-22,511.07,Furniture,North
473e5e8a-7735-4154-afae-bbc8be10e9ed,2024-01-05,981.75,Electronics,East
c7b684bc-6cc1-498c-9653-2169a82dbe28,2023-09-22,747.8,Electronics,South
6e1ac64f-453d-4ada-b367-2c5245da86f6,2023-11-23,816.54,Electronics,Central
c272ec5a-a162-4fa2-b65a-c0c53d76d094,2023-12-28,505.27,Clothing,West
e76b7ebf-9baa-41ae-b710-f5273a129a6b,2023-04-11,598.85,Clothing,North
a49658eb-b58d-4df2-859a-e4ea92629b06,2024-08-04,789.73,Books,West
33063069-e402-4137-9471-390f0447c43e,2024-06-30,699.67,Electronics,North
4a1a2165-582a-46a0-b2c1-a651c1012f33,2024-11-20,937.8,Clothing,West
9f5cca13-624b-4cde-a27e-67791ef055d6,2023-02-18,866.04,Toys,East
68d165c1-ab92-46d1-a34b-b3bd4ed11947,2023-08-22,993.18,Furniture,East
b61d31a5-4df0-40d4-ac46-60705df94e48,2024-03-01,876.77,Electronics,North
34e92070-db02-4e34-83e7-9d0149edbe1e,2024-10-19,529.82,Books,North
0bb43d65-d8ac-46ce-9964-6c4bb3f69974,2024-02-03,544.1,Books,South
b1ec603f-46a2-4799-9539-d48e7eef608b,2024-08-31,837.43,Toys,North
a4014efc-a0b4-4bff-b991-296431802eb8,2023-10-28,527.12,Electronics,South
b8c97bb1-da16-47c8-85da-63f4b467d455,2024-09-25,910.09,Books,North
7053b9d5-bf23-4e52-baf1-2b200b0061ec,2023-04-20,921.44,Electronics,South
05af1ba5-b2f0-4f71-97ab-46e3fc1d5c6d,2023-02-26,973.64,Electronics,West
ad7d0956-078c-440c-b840-668b715c2783,2023-04-12,625.92,Clothing,Central
13da6989-f843-45e4-9e39-a37656df86b9,2024-01-11,573.09,Books,Central
a485ab61-309e-4853-b123-1ef469459c3f,2023-01-06,666.05,Furniture,West
4f3de6a4-84b2-44e8-a1b3-51acc618193d,2023-05-22,687.67,Books,North
9453e7f5-cce1-401e-ae32-9bc1ed85059f,2023-07-05,761.25,Electronics,West
2921bec5-a53f-4fbd-aba4-a6b1c6cec3c1,2023-11-15,969.14,Electronics,West
33bcece2-0865-4937-9147-6875e5133cb5,2024-05-31,592.23,Toys,West
8dbd6f1a-f659-4f56-968f-13f5cea3023e,2023-08-27,879.97,Electronics,West
21e4c26d-6945-4de8-be1e-3f18cff05567,2024-09-26,916.54,Books,West
dbcc9241-cd97-4639-907d-cf080600b2cc,2024-11-23,937.28,Toys,South
cbb6f98c-ac7a-45db-aa46-197c55b0d4e9,2024-05-08,663.02,Books,North
305f4284-0503-49fe-8723-191b7e58d829,2023-07-19,848.6,Toys,South
ce6ad4f1-5929-4a87-bae2-355a1107d0bb,2024-08-18,533.88,Furniture,East
dcdf5232-753a-47ec-87cc-8675cd4a2b40,2024-10-21,549.16,Electronics,East
5108f766-afcd-4bb0-b903-436270934990,2023-02-28,524.4,Books,West
3e55a24d-1aaa-4690-a09d-f8ee11c3f5aa,2024-08-13,875.23,Toys,East
ecee1724-9a8c-4f41-b072-c679cb670957,2024-04-01,940.41,Books,South
4a6be798-e61f-4925-91c8-b6d11d4600d2,2024-11-20,766.13,Furniture,Central
79e9b1b3-9d02-47d7-8f27-ef7e2c8b961a,2023-12-26,791.21,Toys,South
84e9aeaf-6309-4668-b729-9af0b89313e3,2023-05-06,897.45,Clothing,West
e3801496-9e97-4faf-9a39-88dcd7919c55,2024-01-23,638.39,Furniture,East
bb8b6b85-48e6-4298-b25c-359e96f65854,2024-09-17,718.97,Books,East
b45c07d1-c71c-473b-ba41-f273992b8424,2023-09-24,711.78,Electronics,South
c687e4b2-996e-4b97-9831-181fa06ee2a9,2024-07-17,687.88,Clothing,North
c667aed9-064d-41ea-91fb-e797c269b671,2023-02-05,539.88,Books,South
21a9d725-5215-4fdf-b46e-177a2b8a5325,2023-10-28,715.17,Furniture,Central
00a0a035-148e-4a24-91a9-0da4d114a844,2023-04-15,976.2,Toys,East
820cffa0-6ac7-411d-80c8-cdb1f08cdb1d,2023-12-27,509.05,Toys,North
9c64b6be-52cf-4218-a8c6-e8c86a767b0d,2024-04-16,758.82,Toys,Central
b33aba73-21d3-4db9-8d8e-62568f10f35d,2024-10-26,816.87,Clothing,North
ea0a5a6e-25fb-4121-b5c1-0e30c53d9913,2023-06-13,942.17,Clothing,West
e38238bf-8a2c-43fe-a8d9-5a7d8f776690,2024-01-08,530.78,Clothing,West
b197390e-29c0-473d-a708-d11eda2e7433,2024-08-15,708.95,Books,North
15db40dd-2892-4247-9afc-212074fbc51b,2024-04-17,536.2,Books,East
b223a302-6d60-4eea-a564-604a1bb355e2,2023-04-25,600.45,Toys,West
9f6abd9a-2255-4029-ba9d-a7de8a967b77,2024-06-19,506.25,Clothing,Central
23e23e27-bce6-41f0-98a0-3f934c3a4eaa,2024-06-26,918.26,Books,West
cb0e02cb-92c0-47de-ba6d-1178dfd77e58,2024-11-14,780.51,Furniture,East
8003b8fc-a447-49f0-ac6c-c96a016f2cc8,2023-03-15,939.41,Furniture,East
78bcac98-4796-4fec-b6c7-b150ac462f69,2023-09-02,884.98,Electronics,South
79fafa5f-1aaf-443d-bc7d-ab5690d9d8a7,2024-02-16,627.28,Electronics,East
54873254-1322-484c-83f0-ecc6624a1155,2024-09-26,951.79,Toys,West
bef4e371-4e48-414b-bf50-d79724b9a43d,2024-11-11,990.66,Toys,West
546a24df-1aa3-4307-b6b2-5879de5762ec,2023-08-19,518.89,Clothing,North
ceafd8af-025f-4d4b-9ded-a6640e119ee7,2024-06-30,807.37,Clothing,West
2800117b-de7d-44a3-a8f9-114ddb88cd47,2024-05-01,758.22,Clothing,South
04de25ff-2d73-4c93-b2e2-2c9a6db33539,2023-05-18,542.73,Toys,East
dc7228c8-aaa7-4f5f-bdca-ec9a5a68122d,2024-04-20,768.44,Toys,West
68003fe7-9fee-4fb3-a7d1-9f2980879392,2023-03-17,882.41,Clothing,East
7ff2eeb8-d5f0-4af7-95f9-a17cca3c1fa7,2024-03-05,866.75,Electronics,West
89f6c02b-7402-41f5-be8b-f8f4a96c534f,2023-05-04,882.42,Books,East
aa21c29a-77b3-4369-961b-49177be4e523,2024-01-06,735.55,Books,South
3a28bf2c-c874-4afe-bf28-c8f353a2fbd5,2023-08-31,574.51,Clothing,South
d6715e8d-4edc-4e15-bd4a-ad8261ecacfd,2024-04-09,570.9,Furniture,West
0c4527ef-8f5b-4201-b305-5ebd815b73f6,2023-02-07,601.43,Books,Central
2b57a720-b1a4-437b-8ad8-6b768d2fd4e5,2023-12-31,631.88,Electronics,East
71010c26-4114-4b11-95ce-93ce9c245df5,2023-08-12,820.35,Toys,West
82acdffe-b899-47ad-afd9-fa2fc07316f8,2024-01-18,583.75,Books,South
aabb07bf-fa35-4f41-8ca3-ff64d62d2be3,2023-06-24,549.88,Toys,West
05e7eba3-efb8-490a-bf81-b01609129daa,2024-03-29,853.88,Books,Central
3ec84efb-0203-4bdd-8bfe-c33942ef4c9f,2023-03-30,881.11,Furniture,North
44f338dd-d849-4d5c-b195-66e6d46c9e07,2024-03-21,839.57,Clothing,South
1726be1d-7029-48c6-b765-f295ab9e4fb1,2023-08-19,568.36,Books,South
9c6ea742-d0b4-4234-8989-1a6483ddaff7,2023-09-14,563.06,Clothing,South
a6f1549a-ab16-4edb-8f09-454c935b8ff6,2023-07-23,526.2,Clothing,West
a38889c3-2e90-481f-85c7-e589529ff18e,2024-10-11,602.74,Toys,West
16d33cc7-7c57-4fe5-b7df-ea825c2c1011,2023-04-18,691.2,Furniture,North
61bac450-5656-47ab-ac1c-2213ef6eada3,2024-06-09,780.96,Furniture,North
386b29d1-cfe5-4ced-bc09-9ce5acb27db6,2024-08-24,869.04,Electronics,East
798fdd4e-89d6-4926-9dd5-0fb9ff9ac3f2,2023-04-23,712.94,Electronics,East
7f5974f7-035e-43a5-a266-e2fb9372ef97,2024-04-12,518.79,Books,North
3f51118b-0fa0-454f-ac27-61730b26181e,2024-09-23,850.9,Toys,West
c320fda7-3bb7-4ce2-a0cc-04efdcd3c73b,2024-06-27,983.61,Furniture,West
09f8a552-76c8-4013-a432-019844032020,2024-02-14,921.79,Books,West
9039ec36-22fe-4e2e-8081-15dab85898e0,2024-11-11,991.22,Electronics,East
88ab3112-5be7-434d-b463-9db962389d6c,2024-09-15,946.59,Toys,South
fdbe81f0-615b-4e23-9a32-e4b2e6b407e3,2023-06-10,552.58,Clothing,North
3abf7c1d-627d-4ebe-8fb4-f5874b0930a8,2024-05-28,843.37,Toys,Central
0c6f5083-402a-4eab-a5f3-826aef5afb64,2023-07-16,600.14,Electronics,Central
fedf8bf2-4bc3-42eb-9997-9297bca2c06c,2023-02-14,502.89,Clothing,Central
6750159c-f00f-4c90-ba54-799b2a05bf4a,2023-02-24,502.15,Clothing,North
d26f3938-48eb-4c40-84cb-80b7cdacfc41,2023-05-08,928.96,Furniture,South
d1c455ba-62ea-45a7-af5f-4796d464007b,2023-07-08,665.3,Electronics,East
b3eb6623-af9c-45d4-bfd4-85aba811b702,2024-01-11,992.7,Books,Central
eb2d7cb5-4a2b-4f69-b640-73c1355cd7f4,2024-08-20,563.38,Electronics,East
b71bacf0-1784-4ec4-a15b-0b3c83762f96,2024-09-08,845.08,Electronics,Central
b1c02270-ec32-40d6-a3e0-7b3735fe6d21,2023-03-04,728.81,Books,West
d6bea78e-9542-427c-ba85-f07218c4bb25,2024-07-11,980.41,Toys,South
eb7c18ab-d5dc-4c29-b2e5-43050cd84cdc,2023-04-21,699.28,Books,West
c3a8481e-1a5c-4116-ac5c-9a7845880449,2024-04-28,568.38,Furniture,East
531d6894-6b85-406f-aa1d-3ffbee2f03cd,2024-05-09,872.44,Electronics,South
82d63c82-dfcd-4220-99cb-efd2e7c8775c,2023-01-30,804.79,Clothing,Central
2ce379aa-dcad-4748-b10e-681c86656855,2024-09-10,747.33,Clothing,West
5cf082d8-9c7e-4976-89fa-b49480297c5b,2023-12-03,668.38,Books,North
b67de696-af5d-4a05-8f98-b9d46899ef95,2024-02-23,861.21,Electronics,Central
6cd266e2-bbb2-44bc-b199-5a4e4ae2a97d,2023-12-28,768.89,Clothing,West
842cb696-768e-48a5-bac3-2cd34135bc8e,2023-07-10,748.99,Books,North
6b480f9f-f208-48ed-85ad-acd8ae633c10,2023-07-30,675.07,Books,South
01d83751-68d7-4927-bcfb-2b8550dd3f16,2023-10-30,599.14,Electronics,South
82355ede-4397-4010-85d7-9c519a067f7a,2024-10-13,643.47,Books,South
81666495-96cd-4572-9f57-ac44fc04ac5d,2023-09-15,952.32,Toys,Central
ba92f3cd-7d7a-4536-b1d7-234f27f8a217,2023-04-04,515.81,Furniture,West
5150438d-a8f7-4633-836f-77470c1d3e31,2023-11-16,985.53,Electronics,Central
86c6d38c-3062-468c-abb7-a8bbec30f695,2024-10-19,891.86,Clothing,Central
760a6ddd-a513-41f8-bbef-8d9895a10e2f,2024-04-14,641.93,Clothing,North
adeb4cab-c52b-4063-a67f-7245e72dc7db,2024-05-03,688.04,Toys,East
3056e0ad-650d-4d29-b2f7-2b09011ba7f1,2023-10-19,602.71,Furniture,South
a3742861-7493-43e8-8949-25833840b05d,2023-05-07,651.4,Furniture,Central
71d5926b-06fc-4f94-a135-614e323c8473,2023-02-01,949.61,Toys,East
8b208e6a-e5e1-4d37-9642-a7731158c6fa,2023-05-21,910.43,Clothing,East
ff444c73-cc4d-4199-92ae-676bc332bd7d,2023-02-22,754.54,Toys,West
88bbd17e-0e93-4aa2-856a-7666d623e174,2023-12-12,619.73,Furniture,East
d566c4ed-6cf4-4b02-82f1-5ad542c2d421,2023-05-31,810.63,Furniture,South
fc535958-c858-4ecc-a8dd-49da0bfee2c0,2023-02-03,672.83,Furniture,South
01432a51-45b8-44cc-ac99-4664cdf9c42a,2023-10-03,734.87,Toys,Central
9e8b2964-a454-489b-b782-25c59876e577,2023-11-20,940.76,Electronics,East
d2052d1d-6d6b-472f-b21d-ab43b828da85,2023-11-04,739.06,Books,South
f7b5a8a5-67d3-47b9-aeae-83429d65da00,2023-07-30,735.04,Electronics,West
67ba7ec8-4a4b-4503-9ccb-56e9ec35061b,2024-07-12,942.7,Books,West
30da46de-52e9-4a1b-aa89-61ece3fd995a,2024-03-30,628.2,Electronics,South
37d37229-84c7-49bd-9948-76947da2c043,2024-07-17,548.62,Toys,Central
4132644c-6bfd-4edf-9fa3-def70a4ccbc0,2023-07-25,586.23,Books,Central
98b684e6-0f65-47da-9487-24955c75c316,2024-04-06,781.64,Toys,West
2924ebd0-f75e-426e-9b2a-468a6dedd72b,2023-06-28,514.79,Furniture,East
111d2c3a-619b-4aa9-a6c2-69dfa78b156e,2024-10-16,712.29,Furniture,East
ca059e11-fcd9-4853-8f28-601d360e8298,2024-04-11,719.01,Books,North
85bc3837-f71d-4ebc-a5b9-9e5214fe46e2,2023-08-29,978.57,Clothing,West
a5e8dcd5-0c91-485f-8314-14b51d94f614,2023-03-12,560.8,Electronics,South
5a0d83f2-d3bf-4b1a-bc71-5f9cf05feddf,2024-01-15,830.39,Books,North
1cee76f4-0e29-49a1-a3ca-6fb67f099755,2023-02-24,729.7,Furniture,West
b3c951a6-d256-4912-8f27-e6c4c8b22b19,2024-03-09,703.54,Clothing,North
34dcb43f-ab9d-4f43-b938-fe2a250c0249,2024-06-18,900.84,Toys,West
57e245c8-72b5-44fd-87b0-93db4397fa10,2024-06-01,960.79,Toys,South
e7435a5c-ffcb-40ec-9a79-04e920960172,2023-04-01,929.1,Furniture,East
82d2b844-d88d-457e-aa2b-3648ecda532c,2024-10-17,898.96,Furniture,South
e95d7dfa-ff28-4440-b898-0412c4e8e6a6,2024-04-17,605.84,Toys,Central
31dc0822-2a7e-4c33-adeb-c86907cc6119,2023-07-16,884.6,Toys,South
f19b85f8-e76b-4bed-a09a-aefb1be23df3,2023-03-02,622.3,Toys,Central
d0b53b4d-b854-49e1-a248-9e8f8f85fea1,2023-04-04,516.26,Furniture,South
6436a602-6166-4480-9395-6e5b97e005b9,2023-01-11,977.64,Furniture,North
4b3f0417-ba29-46d1-861a-a92c65e96b69,2023-02-08,585.38,Clothing,South
8ef166c6-027e-4cba-a95d-0930db275615,2023-06-12,828.34,Electronics,South
23294482-3da0-4004-8086-62c9f35bc106,2023-08-21,756.74,Furniture,West
f2e5d532-e1c1-4328-95cf-e301d0b72a31,2024-06-29,844.99,Toys,South
9e89a3ae-d0b3-43a9-ab94-951aea6d3714,2024-09-19,639.65,Electronics,South
ff74e2fc-63ef-4d45-943e-aa4fae05e2b3,2024-11-17,811.17,Furniture,North
64199af2-d1dd-492d-a546-d286cf118322,2024-08-10,675.54,Electronics,North
50d42588-a6ef-4840-beb5-da0cc8ca9e6c,2024-11-27,820.9,Clothing,South
a700e79e-3722-42ec-acf5-c31e05e9fe88,2023-06-19,701.14,Clothing,East
8c07667e-9ce5-40f2-8764-8bf0866c67c7,2023-09-24,860.59,Electronics,East
9b819405-3ca5-4b1b-802f-6285a396e721,2024-10-22,547.43,Clothing,South
263ec16b-8226-401f-a193-de1a82baddb9,2023-07-01,911.01,Toys,East
2812cdc5-bde6-4cf8-9b84-05c1359ef2a2,2024-11-08,555.96,Furniture,West
c1e6ddc8-9dc2-4652-9f6f-1e835c62896b,2024-03-05,961.62,Electronics,North
7f0707a1-f9af-44ec-ac3c-8cfeaa82b7b5,2023-10-06,695.24,Books,Central
f6df01e0-1010-4003-b5c1-dfcaa021ae31,2023-11-19,658.91,Toys,North
2bc99d35-8ed5-43b6-8e6e-e0c4c1dd6de4,2023-04-04,730.68,Books,South
c5ff49a3-d39e-40d8-b44c-d41242576a43,2024-08-25,656.39,Clothing,Central
110686a8-669a-4a4a-b0e7-a8d22c6826a4,2024-03-13,633.8,Clothing,East
bd44f720-a562-471f-b68d-a98012df3b7b,2024-06-20,582.21,Toys,East
020af96a-603b-43a5-82f6-1a491afe4cde,2024-02-13,869.99,Furniture,South
34f0f492-456d-4f6d-a6d5-c3553473d09d,2023-07-01,706.27,Books,North
58566481-bfe9-49c0-89c7-73d36c3e7d93,2023-01-30,824.32,Furniture,West
29968585-dcde-4f6a-be46-73d8ea750828,2024-08-29,809.33,Books,South
0757c681-62d7-4061-a0cf-f381f564f188,2024-03-10,653.67,Books,West
d3d5ad3f-37ff-400c-b759-47ea3a375e8e,2023-12-14,835.26,Toys,West
9d6a07d4-ac9c-4607-ae05-df2691a842bd,2023-02-04,840.34,Books,South
07fd3355-0192-470f-a1e7-93c974180fa1,2024-07-02,676.45,Clothing,East
93f01ebe-d63e-44a5-9ccf-216aa4b7ce19,2023-01-20,589.54,Electronics,Central
7cd8fa34-f044-4ffb-a0aa-4154e5effc9b,2023-08-02,590.8,Furniture,East
f5305799-71c0-4950-9bf3-9f04ec1c930f,2023-06-04,798.84,Books,North
ed1c91e8-417e-4071-8d4e-2ce9d47229f3,2024-04-02,966.62,Books,North
67e68f95-5bf5-4557-a6f9-96b61a91a615,2024-11-25,522.12,Furniture,South
9c4f6b61-1c71-49ab-9978-5b1385b79de2,2023-01-26,881.85,Books,West
9a2236e9-9c27-4732-87bb-80baf566574c,2023-12-16,981.83,Clothing,Central
6b042efc-6799-41da-b120-4f7855e20a0f,2023-03-21,560.57,Toys,South
c8e9700e-62b8-41cb-813c-43bb17fe7848,2024-03-02,772.98,Electronics,East
55c83593-c856-4640-be28-f594e3e9fd76,2023-01-10,962.64,Toys,Central
f3c0dcc6-9824-4ed4-9893-31effda9f138,2024-04-16,854.1,Books,South
a199416f-7564-4e4f-b2f3-cedd03d838f4,2024-03-19,535.32,Toys,East
b061d042-7877-4cd4-88e2-6878dae0c65d,2023-10-30,567.52,Furniture,Central
df8a96ec-0e0b-4627-8bc4-657d79950b0c,2023-11-07,813.9,Clothing,Central
71eac4e2-d38a-4977-ab4f-e91345e96499,2024-07-17,849.08,Books,Central
ace400da-7113-4239-9041-e4dc0e397697,2024-09-11,887.15,Furniture,North
3e61f6c1-97e0-4a9a-ade3-acf71597dc51,2024-03-09,514.53,Electronics,Central
c4044817-9d2a-4794-8c11-0dabe40a9a31,2023-10-27,864.07,Books,North
c3ce58ca-df90-4eb7-9ed6-bbd89ce81081,2023-08-06,951.78,Toys,East
8e718754-74bc-494f-820c-7c24ba9deadb,2023-06-17,815.12,Electronics,South
b9ff048d-7b11-4168-9d2e-2733ea12d429,2023-08-01,732.58,Books,South
0d82274e-ceb9-4fc1-a8c0-850131653728,2024-05-20,713.6,Toys,South
43c736ac-0c4b-4622-baf7-3adbea2ce5e0,2023-04-01,964.61,Books,West
1e94bfc1-b228-4026-bae1-5844f49b5b68,2024-09-02,877.47,Books,West
88b815a2-8419-478b-9293-7f848bf9c572,2024-09-03,529.8,Furniture,North
4b29d858-4cca-4104-be9f-52dd9395f3be,2024-07-22,829.04,Furniture,Central
535f70c0-77e8-4b0b-9fca-f8efdba447dd,2024-04-30,520.98,Books,South
bbd455c6-bd5e-489d-8b8b-f50af0c6cb92,2023-12-18,682.59,Books,Central
dccb93a2-c830-4acf-a7e0-dfe0f6b7a0cf,2023-05-17,870.71,Clothing,North
4fe6c544-3bcc-437d-9e95-0e1c929fbcc0,2024-08-25,697.88,Electronics,East
88dc7341-86db-4ea4-8791-89c852ef8789,2024-01-29,508.68,Clothing,North
61b40dd4-fda6-4bea-9b7a-9f5a97574f54,2024-06-10,672.12,Toys,Central
a904974f-ea10-40ab-a26d-352b38aa2e56,2024-11-03,899.18,Clothing,South
a8d69e6b-00e9-4858-a848-d7f46479f424,2023-11-29,776.24,Clothing,East
be091769-8cb8-42d9-91ae-7defc8909665,2024-07-31,774.74,Electronics,North
a2202b73-f13c-4199-a0af-24c574127da4,2024-04-27,749.6,Furniture,East
0b1ea09a-3cfb-4f8f-a814-d4c725e52f45,2024-04-08,563.3,Electronics,East
5bd185c9-e06c-4c52-be12-bb57e31727c9,2023-06-16,891.7,Books,Central
1b892588-097c-4852-9a85-9b9b8d6fd1b3,2023-12-29,644.83,Books,South
f1785705-318b-4ab1-819c-8b7062718469,2023-05-08,942.4,Toys,North
8808f75f-8680-4ab4-b406-32432e22bf05,2023-08-09,992.36,Books,South
77afdc30-be33-40ef-ac08-2a9774d9b744,2024-03-02,580.21,Electronics,North
fb644f43-04be-46a5-b3a7-b016d4c2f5bd,2023-04-03,645.28,Electronics,North
cbcd06a2-42ca-480d-bb87-32e4e875dc2d,2023-12-23,723.4,Clothing,Central
77e7e4f9-eee4-492e-b6a0-51f100e3c029,2023-07-13,890.01,Toys,Central
a23ccf25-4b51-4e5f-b484-a5eff1992431,2024-09-25,826.11,Furniture,East
ebbd4c9d-87d3-441c-895e-d587f5303b4c,2024-10-14,621.1,Electronics,South
06e5ac12-0770-461d-b36c-c2417d3e7f4a,2024-09-06,795.16,Furniture,South
08b1c589-4c7f-4df6-be59-5d10ba90884e,2024-06-27,908.8,Books,North
147c29e6-e9ca-4823-bb31-7336585c601f,2024-06-08,525.52,Books,West
3cd9babf-5d19-4f17-9f44-d965c0863474,2024-01-02,829.41,Clothing,North
fee90c78-1d25-4e44-9ccb-8789727000da,2024-11-07,588.5,Books,South
0a23eb58-f93d-4dde-a32c-5b423cad7c4a,2023-03-06,549.2,Furniture,North
51b49d7c-7fee-40ff-876f-c9c8e20bdd35,2024-02-10,613.25,Furniture,East
c95ad810-dd9d-4076-85ed-0b2f53528ec3,2023-10-23,614.15,Toys,East
5ebfc824-a121-44a1-9c0d-e272eefc4ba3,2023-09-11,696.75,Furniture,West
56b70942-8d9f-4a42-bb0b-292b1335118c,2024-02-18,806.27,Books,North
d37b84b3-8059-43fc-8ad5-3048efb6a5c7,2023-11-19,631.51,Clothing,West
6bf2b458-9f36-4bee-bbc4-e09b03e35433,2023-02-18,575.37,Books,North
db5ec92d-43fa-4310-88e3-81775bd99df7,2024-10-08,953.7,Books,East
47c06a13-1a58-4c47-9395-64d3837e255a,2023-10-16,520.11,Clothing,East
964b4d17-5a52-4491-ac07-60fee77ce602,2023-03-01,763.91,Electronics,North
86eb56a3-59e2-4bba-8953-2591f159faef,2023-07-31,656.11,Books,South
8a6f2bfe-9ef7-4c1a-935b-ca5b854163d1,2024-05-27,955.66,Toys,Central
451590b8-4fb7-49fc-98df-3fed30250bba,2024-03-09,968.97,Furniture,South
37024082-49d6-4a40-8140-a521bee01d13,2024-05-22,860.19,Toys,Central
419ee53a-f7bc-46df-b721-b8086c0ded57,2023-06-12,802.54,Electronics,West
a5ecf0a6-4ecd-4317-919b-32aa41e5ccab,2024-06-14,840.1,Books,Central
7937bbf7-6921-4561-a765-8103fede8d3e,2024-05-16,695.18,Electronics,Central
0f2464de-0f74-43d7-9b24-da8e586cdb61,2023-06-05,515.14,Electronics,Central
eed495ea-b5d4-424c-a740-a539ebd4746f,2024-01-29,947.64,Furniture,South
eb147c13-8ccf-4b73-8c42-e23066d9f9c7,2024-03-02,595.91,Books,East
54d7925d-f08d-4e0e-99e2-6903a40824a1,2023-11-02,857.4,Books,West
e6367c7f-2766-4828-935b-5e77ee9836db,2023-02-23,574.13,Books,South
5135c1af-d9f5-4b78-917f-7e1ca5343b38,2024-05-14,873.42,Clothing,West
f77a7906-2b26-4730-b113-8b32793b1365,2023-08-16,818.92,Toys,South
4ae02bbe-8796-4a1f-af30-c575a4ca14d4,2023-10-07,773.72,Electronics,West
2a1f8c2f-d396-480f-af7a-f0fa4e45ecbc,2024-06-25,748.86,Electronics,North
794dedca-8751-49f3-aee4-af1893128e17,2023-01-22,825.08,Furniture,North
c4f942bd-3a5d-439e-a884-df1e9602e548,2023-03-25,542.77,Books,West
61288fdd-a486-40ba-a0f4-b04cb6791df9,2023-06-13,753.08,Clothing,East
5de2abbe-9ff0-495c-8838-8caaa84728e4,2024-09-24,877.04,Clothing,South
38c6a5c3-6c79-498f-98e2-3be628304639,2024-01-01,679.01,Electronics,North
18544fdd-4663-461e-988c-5a8d58e77d59,2024-08-17,898.78,Clothing,Central
127a8979-29bf-490d-81ae-ff1df98980e9,2024-05-18,937.62,Electronics,West
64849e81-9b96-4fc3-ad4c-cd530bd19ea4,2023-12-31,597.86,Books,Central
f1da2eea-b5c1-42b2-8073-548257c4044c,2024-03-18,974.33,Books,West
9e91bb17-0953-49b2-afbe-ae20ee758183,2023-03-13,733.03,Toys,West
c3e9bc32-f071-4e22-9b71-dc0906b083e4,2024-03-01,944.04,Toys,Central
737210b2-5af8-43f5-87b5-2b433ed42e3f,2024-11-07,789.44,Books,West
60e08ad0-497a-4eb4-a45f-02718832ab4a,2023-12-01,776.82,Books,South
5dec2d2e-8667-4ac8-93c9-ea810d9ea0d9,2024-03-12,703.34,Clothing,Central
e2cd2cd4-469c-4487-a37e-a48a1476d194,2024-02-19,674.49,Toys,West
4a26bbe3-a39d-4b6f-8521-612bdad41154,2024-04-13,915.93,Furniture,South
7a3c4d41-3ce3-4ab6-8771-fe1ea8ff653a,2024-02-05,748.4,Toys,West
57caed83-084b-4aab-867e-47496538a094,2024-07-19,705.51,Toys,North
f2f6e9ca-079d-43fb-9d84-f02a07d689b6,2023-09-09,834.53,Electronics,East
17f591e8-a007-488e-a5e4-456aca3515bb,2024-03-19,503.96,Electronics,East
439a5443-d101-4033-bad8-63967b5f7dfb,2024-01-02,655.11,Books,South
88b70c9e-cf16-4a73-88de-377dc26c4d01,2024-08-02,946.49,Electronics,East
90ee66ca-1526-480c-befa-127a91991aa1,2023-11-15,876.26,Books,South
8491b535-6099-4a51-8e91-f8e0c02ba325,2024-02-08,971.58,Toys,Central
e8ae480b-72b2-4668-a81c-67e7aaadc639,2024-10-21,718.84,Electronics,North
94711f2b-0851-4e63-895a-e23029523b50,2024-06-21,567.08,Toys,Central
1fce67ef-fe59-440e-9d4d-30afec71a92c,2024-07-23,956.91,Toys,Central
33e876b8-a705-4b78-b2f2-f8cecdd30c47,2023-11-18,693.67,Toys,East
c58a7628-32b0-4656-88b5-c5749d118b34,2023-04-19,851.98,Clothing,East
5404fdd6-998d-4a41-856a-51a08948bb08,2023-03-05,721.69,Clothing,West
7d98f0ef-1f00-4af0-9a79-4faa5e489410,2024-06-21,731.79,Books,South
37cd4032-d266-4115-b6e8-2c8286c7005f,2024-06-04,766.55,Books,East
066ee090-f3ad-4bca-b0dd-6d3c955c20db,2024-04-28,934.54,Clothing,North
16e37a00-0e4b-46e1-ba1e-bfa7289c8b8a,2024-04-04,805.23,Clothing,South
59708bd1-364a-4d40-bfbf-0a3b214526c5,2023-06-06,712.3,Books,South
4032c9dd-18bd-4f9d-b2c2-aeda9129021f,2023-04-01,786.43,Electronics,Central
d1de376c-1764-4502-9f26-8072efbfdee7,2024-06-05,504.81,Toys,Central
aef97196-0550-42e3-93f0-be94404f248e,2024-05-27,993.04,Electronics,West
e755ed35-1cfb-48dc-8d5a-c3e6a48cfde6,2023-03-27,644.04,Furniture,West
f5327f8a-a27d-4909-bb13-27121ebc89c1,2023-02-24,623.56,Books,Central
e97e5b9d-26f1-4ec2-9cb0-866f88a33cdf,2024-03-15,987.14,Furniture,West
6279aa7d-a2b4-4b7f-bd85-2e6e0b769dad,2024-02-14,955.14,Furniture,West
0d83250f-4c08-41c5-b207-518d9ea724c3,2023-12-06,817.8,Furniture,South
7a69b895-fe42-49e7-9276-7f7f4c11d06e,2023-02-11,814.09,Clothing,North
697d03fb-c72f-4b11-a244-7fb1c5f5d90c,2023-01-07,659.6,Toys,Central
b37923ae-6229-43cb-bfc6-d89732d19c58,2023-03-09,648.65,Toys,East
a646692b-e96c-4bd7-ab12-1739599b0882,2024-11-19,508.09,Toys,Central
bd03b5e6-f51f-403c-945e-d1a9023b4f14,2023-01-10,819.46,Furniture,South
c33ebf50-9c29-4793-b545-fc81ca55e868,2024-03-01,852.6,Clothing,West
f558611c-03aa-4b2d-bc7e-919100b975f0,2024-03-05,567.96,Electronics,South
125433fb-29a3-4648-a42c-c7c1d0bcc66a,2024-08-26,556.25,Clothing,Central
b53f15e7-a258-48ee-ada2-cbe5908967bd,2024-02-26,912.69,Books,West
18fb3e94-9e59-4962-abb9-4382f6c8f788,2024-10-17,848.91,Furniture,West
2aa8b162-c44f-4fed-8049-f24e349b90b1,2023-01-18,913.07,Books,East
ed267610-9b7e-49d8-a439-81f182698b5f,2023-04-19,543.96,Electronics,South
ef78c7ef-dd36-465c-96e6-a593fc6132bc,2024-09-24,968.01,Toys,West
06bd98fb-d561-4d05-9367-b8f65631f266,2024-01-27,624.15,Furniture,Central
7deffdae-1ede-4973-8f18-a70d3e66cb9e,2023-04-29,857.39,Books,North
691486d1-8b9a-41ed-8302-b91184af2d7e,2024-05-07,513.96,Books,South
68b4ec94-528c-4ab5-91f3-5b25a7b69e20,2023-11-04,825.6,Toys,East
85a46bd2-508a-4682-807e-0248ce4e9db8,2023-09-05,796.6,Toys,West
510680d7-9b68-4f18-910a-044a614fa739,2024-11-12,625.18,Toys,East
36692921-a8a0-444d-944e-212b0dd4e62f,2023-05-21,699.24,Books,North
c81df825-83ff-4aff-a8ff-4bf9ba86b931,2023-09-15,591.0,Books,Central
2cd1eb0d-1ea7-4579-bca9-f38ecd81a8b7,2024-01-25,549.4,Toys,North
c7e705c9-0559-4450-8ec8-ebf04cfc777e,2024-05-16,516.2,Furniture,North
28188a5f-306f-4a06-b3d3-19a2762b0d0f,2024-03-06,812.87,Books,West
473aa68f-241b-4af9-adf4-7dcca9dca808,2024-01-18,577.24,Books,West
5858f2e8-9b8e-496a-abc8-38f1fd8694b0,2024-03-04,759.61,Clothing,South
1c114c05-c506-44bb-a8fd-bd4c55ec76f6,2023-06-01,685.58,Toys,South
4511c393-ffba-4cd3-b85e-4042e241b0ca,2023-08-02,800.0,Books,East
f149a8ad-19a2-44dc-acff-52b3ffa5f44d,2024-09-29,685.08,Clothing,Central
81393e60-7b47-4204-821f-e1ec5a9fac02,2024-05-12,910.87,Furniture,North
dbec2de5-d36f-40ee-9ea0-0a6c0984f6a7,2024-05-11,711.76,Electronics,North
33ff5f4e-002a-476e-ae43-91b1acb46d51,2024-10-31,987.3,Toys,West
589a9d58-7fc8-43fa-b927-a38612aea60c,2023-11-02,747.87,Toys,Central
3a30f992-1813-4510-b26f-42b9dc3f36bf,2024-04-13,509.22,Furniture,East
8fec89d0-ca86-4657-ac41-7761ff093ade,2024-06-20,522.11,Toys,West
6c06bdd6-158f-4768-ac22-00b6efcc5e41,2023-08-13,859.81,Furniture,East
b5d88188-88b6-45d5-8476-a663d837fa2f,2024-01-02,935.26,Electronics,South
b81518c2-e55a-4093-9e50-c3f45d28a461,2024-03-17,964.03,Electronics,East
82cbd357-0a9f-4dec-bef3-660f9cb5dd21,2024-06-26,513.4,Electronics,West
b0c6058c-5e86-43fa-94fe-908bba85225d,2023-04-28,834.91,Electronics,West
f20f8675-ffec-4f73-8256-b0e0734b006b,2023-07-23,542.42,Furniture,West
f572691c-5d8f-48fc-832a-cf2b262427af,2024-04-17,550.48,Books,North
d06154dc-820e-49ca-bcc4-38451b0092c8,2023-10-25,920.1,Clothing,North
7e886ef2-a3ef-4adb-b49f-af46aedfe8a4,2023-01-19,917.93,Books,North
8f7ddfcd-ced7-4064-a647-02f88b3587f6,2024-08-03,636.41,Books,South
68151c14-acf1-488f-b57b-17535a36e098,2023-12-16,651.07,Toys,South
1dbac9b0-a741-4acb-9194-64f3bae006fd,2024-09-18,523.82,Furniture,South
45657d1d-b093-42b3-9cd3-3f21daabd45e,2023-08-17,808.42,Furniture,East
ec53ad48-6585-406f-addb-8261a2790254,2023-03-06,564.64,Electronics,West
02c43860-5b42-4418-bd88-f966fe659ea0,2023-05-28,696.05,Clothing,North
c8511026-5838-4388-880f-f33f5a90b73c,2023-01-11,666.84,Books,South
02ff1181-e9e3-4cbd-8276-3c67cf9dcaab,2023-07-27,997.2,Clothing,East
5f043f45-35cb-4ca1-a7d6-6ae531b4cd23,2024-11-12,905.66,Clothing,East
67ff692d-6a8e-4896-a69c-b31e09cb6dcd,2024-08-23,840.4,Clothing,South
35a52ee6-8f03-4a34-80b0-3ff21a719b88,2023-09-17,540.43,Toys,North
26d0965d-5885-49b3-ba1e-a7e4568b58ea,2023-12-09,510.6,Toys,West
2cfd81e5-5d52-4a39-83f0-9cadff0a9d9d,2024-01-02,769.9,Clothing,Central
5c6a21ea-e172-4e7e-8dec-f0b8303c2495,2023-11-25,982.46,Toys,East
053e72b4-94a7-4abf-beef-c08b7553b9db,2024-05-09,581.38,Toys,South
5a1dc23c-74ab-4df7-95b1-e37eeb414000,2023-04-13,666.93,Toys,East
d9f671ef-9963-4f69-b3bc-764ccf7cd8d6,2024-08-30,641.81,Toys,East
af9bc28a-abe5-4848-bdf1-a1558eb07659,2024-05-19,889.36,Books,North
